release_time,ready_time,deadline,location,assigned_courier,pickup_time
194.66208388197336,204.66208388197336,234.66208388197336,2,,
203.86294971969224,213.86294971969224,243.86294971969224,1,,
210.66164858015242,220.66164858015242,250.66164858015242,2,,
274.8291946357736,284.8291946357736,314.8291946357736,2,,
290.2384224787834,300.2384224787834,330.2384224787834,0,,
309.29656531700863,319.29656531700863,349.29656531700863,0,,
403.49889598135076,413.49889598135076,443.49889598135076,1,,
410.7263317944535,420.7263317944535,450.7263317944535,1,,
428.1352538532889,438.1352538532889,468.1352538532889,0,,
